category,title,menu,comment,hashtag
最新トレンド,透明感溢れるグレージュボブ,カット+カラー+トリートメント,透明感のあるグレージュカラーで大人可愛いイメージに。毛先のニュアンスが今っぽさを演出します。,トレンドヘア,グレージュ,ボブ,透明感,大人可愛い
最新トレンド,こなれ感たっぷりレイヤーボブ,カット+カラー,軽やかな動きが特徴のレイヤーボブ。顔周りの柔らかさが女性らしさを引き立てます。,ボブ,レイヤースタイル,こなれヘア,レイヤーボブ,大人女子
最新トレンド,小顔効果抜群ショートウルフ,カット+カラー,トレンドのウルフカットで小顔効果抜群。こなれ感ある大人スタイルです。,ウルフカット,ショートヘア,小顔カット,トレンドヘア,ヘアカタログ
最新トレンド,ふんわり愛されレイヤーミディ,カット+デジタルパーマ,ふんわりとした柔らかいパーマでレイヤーに動きを。朝のスタイリングも簡単です。,ミディアムヘア,レイヤー,デジタルパーマ,愛されヘア,簡単スタイリング
髪質改善,つやつやストレートヘア,髪質改善トリートメント+カット,クセやうねりを抑え、自然なストレートラインを実現。つややかな仕上がりで大人の魅力アップ！,髪質改善,ストレート,つや髪,サラサラ,縮毛矯正
髪質改善,うるつやロングヘア,カット+高級トリートメント,ダメージを徹底補修し、美しい艶髪を実現。指通りの良さを体感してください。,髪質改善,ロングヘア,トリートメント,艶髪,ツヤ髪
髪質改善,大人のツヤ感ボブ,カット+カラー+髪質改善トリートメント,髪質改善トリートメントで叶える、ツヤのある美しいボブスタイル。大人の女性におすすめです。,髪質改善,ツヤ髪,大人ボブ,美髪,トリートメント
髪質改善,くせ毛も自然に収まるミディアム,カット+縮毛矯正+トリートメント,くせ毛を自然に抑えて、扱いやすいミディアムヘアに。毎朝のスタイリングがラクになります。,髪質改善,くせ毛,ミディアム,ナチュラルストレート,時短スタイリング
ショート・ボブ,小顔効果抜群ショートボブ,カット+カラー,顔周りのレイヤーで小顔効果バツグン！スタイリングも簡単で忙しい朝も楽チンです。,ショートボブ,小顔カット,簡単スタイリング,時短ヘア,大人ショート
ショート・ボブ,耳かけすっきりボブ,カット+カラー,耳かけスタイルが可愛いボブスタイル。すっきりとした印象で、オフィスでも好印象です。,ボブスタイル,耳かけボブ,オフィスヘア,シンプルボブ,スッキリヘア
ショート・ボブ,大人かわいいマッシュショート,カット+カラー+前髪パーマ,マッシュベースのショートスタイル。前髪にパーマをかけることで抜け感のあるスタイルに。,マッシュショート,大人かわいい,ベリーショート,前髪パーマ,ショートヘア
ショート・ボブ,くびれショートボブ,カット+カラー,襟足のくびれが特徴的なショートボブ。女性らしいシルエットで後ろ姿も美しく。,ショートボブ,くびれボブ,襟足スッキリ,大人ボブ,ヘアカタログ
ミディアム・セミロング,ワンカールミディアム,カット+デジタルパーマ,毛先にワンカールをつけた女性らしいミディアムスタイル。エアリー感がおしゃれ度をアップします。,ミディアムヘア,ワンカール,デジタルパーマ,エアリーヘア,おしゃれヘア
ミディアム・セミロング,レイヤーたっぷりくびれセミロング,カット+カラー,レイヤーをたっぷり入れて動きのあるセミロングスタイル。くびれシルエットで女性らしさUP！,セミロング,レイヤースタイル,くびれヘア,エフォートレス,おしゃれ女子
ミディアム・セミロング,外ハネミディアム,カット+カラー,外ハネスタイルが今っぽさを演出するミディアムヘア。簡単スタイリングでこなれ感を出せます。,外ハネ,ミディアム,簡単スタイリング,こなれヘア,トレンドヘア
ミディアム・セミロング,大人の艶ストレートセミロング,カット+縮毛矯正+トリートメント,大人の女性に似合う、艶やかなストレートセミロング。品のある雰囲気を演出します。,セミロング,ストレートヘア,艶髪,大人女子,オフィスヘア
ロング,透明感カラーロング,カット+カラー+トリートメント,透明感のあるカラーリングが美しいロングスタイル。柔らかな印象で女性らしさを引き立てます。,ロングヘア,透明感カラー,艶髪,柔らかヘア,大人ロング
ロング,ゆるふわデジタルパーマロング,カット+デジタルパーマ,ゆるふわパーマで魅力的なロングヘアに。朝のスタイリングも簡単で忙しい方におすすめ。,ロングヘア,ゆるふわパーマ,デジタルパーマ,簡単スタイリング,女子力アップ
ロング,レイヤーたっぷり動きのあるロング,カット+カラー,レイヤーを効かせた動きのあるロングスタイル。軽やかな印象でこなれ感を演出します。,ロングレイヤー,動きのある髪型,レイヤーカット,おしゃれロング,ヘアカタログ
ロング,大人のための上品ロングレイヤー,カット+カラー+トリートメント,上品さを追求したロングレイヤースタイル。柔らかく落ち感のあるシルエットが大人の魅力を引き立てます。,大人ロング,上品ヘア,レイヤースタイル,オフィスヘア,エレガント
メンズ,爽やかツーブロックショート,カット+眉カット,サイドをスッキリさせた爽やかなツーブロックショート。オンオフ使えるビジネスマンにおすすめのスタイル。,メンズヘア,ツーブロック,ビジネスヘア,爽やかヘア,メンズカット
メンズ,束感ソフトモヒカン,カット+ワックス仕上げ,トップに程よい長さを残したソフトモヒカンスタイル。束感が今どきのこなれ感を演出します。,メンズヘア,ソフトモヒカン,束感ヘア,かっこいい,トレンドヘア
メンズ,サイドパートビジネスショート,カット+カラー,清潔感のあるサイドパートのビジネスショート。好印象間違いなしのスタイルです。,メンズヘア,ビジネスヘア,サイドパート,清潔感,スーツヘア
メンズ,くせ毛を生かしたパーマ風ショート,カット+スタイリング,くせ毛を生かしたナチュラルなパーマ風ショートスタイル。朝のセットも簡単です。,メンズヘア,くせ毛風,ナチュラルヘア,簡単スタイリング,パーマ風